education,avg_flights
High School or Below,1.3204052729055453
College,1.302957866720233
Bachelor,1.2913346694692933
Master,1.288361320208454
Doctor,1.2764908256880734
