loyalty_card,avg_points
Aurora,2034.4787753035187
Nova,2025.2811661921467
Star,2003.5931976297659
